jahr,id,domaene,rohwert,normiert,interpoliert
2005,kindersterblichkeit,ueberleben,62.3000,47.6700,0
2006,kindersterblichkeit,ueberleben,59.6000,49.7432,0
2007,kindersterblichkeit,ueberleben,57.0000,51.5901,0
2008,kindersterblichkeit,ueberleben,54.7000,53.1143,0
2009,kindersterblichkeit,ueberleben,52.9000,54.2418,0
2010,kindersterblichkeit,ueberleben,50.6000,55.6060,0
2011,kindersterblichkeit,ueberleben,49.5000,56.2300,0
2012,kindersterblichkeit,ueberleben,46.7000,57.7421,0
2013,kindersterblichkeit,ueberleben,45.1000,58.5602,0
2014,kindersterblichkeit,ueberleben,43.9000,59.1532,0
2015,kindersterblichkeit,ueberleben,42.9000,59.6346,0
2016,kindersterblichkeit,ueberleben,41.7000,60.1976,0
2017,kindersterblichkeit,ueberleben,40.9000,60.5642,0
2018,kindersterblichkeit,ueberleben,40.0000,60.9687,0
2019,kindersterblichkeit,ueberleben,39.6000,61.1458,0
2020,kindersterblichkeit,ueberleben,39.2000,61.3213,0
2021,kindersterblichkeit,ueberleben,39.6000,61.1458,0
2022,kindersterblichkeit,ueberleben,40.0000,60.9687,0
2023,kindersterblichkeit,ueberleben,38.3000,61.7105,0
2005,muettersterblichkeit,ueberleben,283.0000,40.2235,0
2006,muettersterblichkeit,ueberleben,276.0000,41.7423,0
2007,muettersterblichkeit,ueberleben,269.0000,43.1858,0
2008,muettersterblichkeit,ueberleben,264.0000,44.1739,0
2009,muettersterblichkeit,ueberleben,258.0000,45.3152,0
2010,muettersterblichkeit,ueberleben,253.0000,46.2312,0
2011,muettersterblichkeit,ueberleben,247.0000,47.2906,0
2012,muettersterblichkeit,ueberleben,239.0000,48.6400,0
2013,muettersterblichkeit,ueberleben,235.0000,49.2891,0
2014,muettersterblichkeit,ueberleben,231.0000,49.9220,0
2015,muettersterblichkeit,ueberleben,228.0000,50.3864,0
2016,muettersterblichkeit,ueberleben,220.0000,51.5837,0
2017,muettersterblichkeit,ueberleben,215.0000,52.3031,0
2018,muettersterblichkeit,ueberleben,211.0000,52.8634,0
2019,muettersterblichkeit,ueberleben,207.0000,53.4107,0
2020,muettersterblichkeit,ueberleben,211.0000,52.8634,0
2021,muettersterblichkeit,ueberleben,242.0000,48.1422,0
2022,muettersterblichkeit,ueberleben,203.0000,53.9455,0
2023,muettersterblichkeit,ueberleben,197.0000,54.7250,0
2005,lebenserwartung,ueberleben,69.1114,52.2007,0
2006,lebenserwartung,ueberleben,69.4690,52.6630,0
2007,lebenserwartung,ueberleben,69.8050,53.0894,0
2008,lebenserwartung,ueberleben,70.0043,53.3387,0
2009,lebenserwartung,ueberleben,70.3803,53.8019,0
2010,lebenserwartung,ueberleben,70.6826,54.1676,0
2011,lebenserwartung,ueberleben,70.9688,54.5086,0
2012,lebenserwartung,ueberleben,71.2646,54.8557,0
2013,lebenserwartung,ueberleben,71.5335,55.1667,0
2014,lebenserwartung,ueberleben,71.7764,55.4440,0
2015,lebenserwartung,ueberleben,71.9656,55.6576,0
2016,lebenserwartung,ueberleben,72.1858,55.9036,0
2017,lebenserwartung,ueberleben,72.3663,56.1033,0
2018,lebenserwartung,ueberleben,72.6442,56.4072,0
2019,lebenserwartung,ueberleben,72.8699,56.6509,0
2020,lebenserwartung,ueberleben,72.1832,55.9007,0
2021,lebenserwartung,ueberleben,71.2161,54.7991,0
2022,lebenserwartung,ueberleben,72.9690,56.7570,0
2023,lebenserwartung,ueberleben,73.3302,57.1396,0
2005,tuberkulose,gesundheit,185.0000,44.2308,0
2006,tuberkulose,gesundheit,183.0000,44.6565,0
2007,tuberkulose,gesundheit,180.0000,45.2830,0
2008,tuberkulose,gesundheit,176.0000,46.0967,0
2009,tuberkulose,gesundheit,173.0000,46.6912,0
2010,tuberkulose,gesundheit,169.0000,47.4638,0
2011,tuberkulose,gesundheit,166.0000,48.0287,0
2012,tuberkulose,gesundheit,162.0000,48.7633,0
2013,tuberkulose,gesundheit,157.0000,49.6528,0
2014,tuberkulose,gesundheit,154.0000,50.1718,0
2015,tuberkulose,gesundheit,150.0000,50.8475,0
2016,tuberkulose,gesundheit,145.0000,51.6667,0
2017,tuberkulose,gesundheit,141.0000,52.3026,0
2018,tuberkulose,gesundheit,137.0000,52.9221,0
2019,tuberkulose,gesundheit,134.0000,53.3762,0
2020,tuberkulose,gesundheit,131.0000,53.8217,0
2021,tuberkulose,gesundheit,132.0000,53.6741,0
2022,tuberkulose,gesundheit,134.0000,53.3762,0
2023,tuberkulose,gesundheit,134.0000,53.3762,0
2005,impfquote,gesundheit,77.2659,60.7122,0
2006,impfquote,gesundheit,78.4471,61.0735,0
2007,impfquote,gesundheit,78.4443,61.0726,0
2008,impfquote,gesundheit,81.0602,61.8496,0
2009,impfquote,gesundheit,83.1140,62.4382,0
2010,impfquote,gesundheit,83.6605,62.5918,0
2011,impfquote,gesundheit,84.7615,62.8974,0
2012,impfquote,gesundheit,84.0263,62.6939,0
2013,impfquote,gesundheit,83.6585,62.5912,0
2014,impfquote,gesundheit,84.6612,62.8698,0
2015,impfquote,gesundheit,84.8338,62.9173,0
2016,impfquote,gesundheit,85.9144,63.2121,0
2017,impfquote,gesundheit,85.9199,63.2136,0
2018,impfquote,gesundheit,86.5664,63.3878,0
2019,impfquote,gesundheit,86.7604,63.4397,0
2020,impfquote,gesundheit,83.5468,62.5599,0
2021,impfquote,gesundheit,82.0717,62.1418,0
2022,impfquote,gesundheit,85.0795,62.9848,0
2023,impfquote,gesundheit,84.4905,62.8227,0
2005,unterernaehrung,ernaehrung,11.9000,63.7944,0
2006,unterernaehrung,ernaehrung,11.0000,64.0288,0
2007,unterernaehrung,ernaehrung,10.1000,64.2602,0
2008,unterernaehrung,ernaehrung,9.5000,64.4128,0
2009,unterernaehrung,ernaehrung,9.1000,64.5138,0
2010,unterernaehrung,ernaehrung,8.7000,64.6143,0
2011,unterernaehrung,ernaehrung,8.4000,64.6893,0
2012,unterernaehrung,ernaehrung,8.1000,64.7639,0
2013,unterernaehrung,ernaehrung,7.8000,64.8383,0
2014,unterernaehrung,ernaehrung,7.7000,64.8630,0
2015,unterernaehrung,ernaehrung,7.6000,64.8876,0
2016,unterernaehrung,ernaehrung,7.5000,64.9123,0
2017,unterernaehrung,ernaehrung,7.4000,64.9369,0
2018,unterernaehrung,ernaehrung,7.3000,64.9615,0
2019,unterernaehrung,ernaehrung,7.8000,64.8383,0
2020,unterernaehrung,ernaehrung,8.2000,64.7391,0
2021,unterernaehrung,ernaehrung,8.6000,64.6393,0
2022,unterernaehrung,ernaehrung,8.6000,64.6393,0
2023,unterernaehrung,ernaehrung,8.5000,64.6643,0
2005,auszehrung,ernaehrung,8.3300,64.7067,0
2006,auszehrung,ernaehrung,8.2200,64.7341,0
2007,auszehrung,ernaehrung,8.0800,64.7689,0
2008,auszehrung,ernaehrung,7.9400,64.8036,0
2009,auszehrung,ernaehrung,7.8100,64.8358,0
2010,auszehrung,ernaehrung,7.6800,64.8679,0
2011,auszehrung,ernaehrung,7.5600,64.8975,0
2012,auszehrung,ernaehrung,7.4500,64.9246,0
2013,auszehrung,ernaehrung,7.3300,64.9541,0
2014,auszehrung,ernaehrung,7.2200,64.9811,0
2015,auszehrung,ernaehrung,7.1000,65.0105,0
2016,auszehrung,ernaehrung,7.0000,65.0350,0
2017,auszehrung,ernaehrung,6.9000,65.0594,0
2018,auszehrung,ernaehrung,6.8200,65.0789,0
2019,auszehrung,ernaehrung,6.7600,65.0935,0
2020,auszehrung,ernaehrung,6.7100,65.1057,0
2021,auszehrung,ernaehrung,6.6800,65.1130,0
2022,auszehrung,ernaehrung,6.6600,65.1179,0
2023,auszehrung,ernaehrung,6.6400,65.1228,0
2005,armut_300,materiell,28.3000,58.9154,0
2006,armut_300,materiell,27.0000,59.3496,0
2007,armut_300,materiell,25.3000,59.9038,0
2008,armut_300,materiell,24.1000,60.2859,0
2009,armut_300,materiell,23.1000,60.5989,0
2010,armut_300,materiell,21.0000,61.2403,0
2011,armut_300,materiell,19.1000,61.8029,0
2012,armut_300,materiell,17.8000,62.1785,0
2013,armut_300,materiell,15.5000,62.8253,0
2014,armut_300,materiell,14.5000,63.0996,0
2015,armut_300,materiell,13.4000,63.3968,0
2016,armut_300,materiell,12.6000,63.6099,0
2017,armut_300,materiell,11.8000,63.8205,0
2018,armut_300,materiell,11.1000,64.0029,0
2019,armut_300,materiell,11.2500,63.9640,1
2020,armut_300,materiell,11.4000,63.9250,0
2021,armut_300,materiell,11.3000,63.9510,0
2022,armut_300,materiell,10.9000,64.0546,0
2023,armut_300,materiell,10.6000,64.1320,0
2005,armut_830,materiell,66.2000,40.3341,0
2006,armut_830,materiell,65.0000,41.1765,0
2007,armut_830,materiell,63.6000,42.1296,0
2008,armut_830,materiell,62.5000,42.8571,0
2009,armut_830,materiell,61.7000,43.3749,0
2010,armut_830,materiell,60.2000,44.3207,0
2011,armut_830,materiell,58.8000,45.1754,0
2012,armut_830,materiell,57.5000,45.9459,0
2013,armut_830,materiell,55.8000,46.9214,0
2014,armut_830,materiell,54.7000,47.5341,0
2015,armut_830,materiell,53.5000,48.1865,0
2016,armut_830,materiell,52.4000,48.7705,0
2017,armut_830,materiell,51.5000,49.2386,0
2018,armut_830,materiell,50.4000,49.7992,0
2019,armut_830,materiell,50.4000,49.7992,1
2020,armut_830,materiell,50.4000,49.7992,0
2021,armut_830,materiell,48.7000,50.6417,0
2022,armut_830,materiell,48.3000,50.8358,0
2023,armut_830,materiell,47.0000,51.4563,0
2005,trinkwasser,infrastruktur,62.8072,55.6766,0
2006,trinkwasser,infrastruktur,63.1317,55.8037,0
2007,trinkwasser,infrastruktur,63.4493,55.9274,0
2008,trinkwasser,infrastruktur,63.7621,56.0486,0
2009,trinkwasser,infrastruktur,64.2907,56.2519,0
2010,trinkwasser,infrastruktur,64.8165,56.4522,0
2011,trinkwasser,infrastruktur,65.3228,56.6434,0
2012,trinkwasser,infrastruktur,65.8870,56.8545,0
2013,trinkwasser,infrastruktur,66.4713,57.0710,0
2014,trinkwasser,infrastruktur,67.0612,57.2873,0
2015,trinkwasser,infrastruktur,67.6504,57.5012,0
2016,trinkwasser,infrastruktur,68.2412,57.7135,0
2017,trinkwasser,infrastruktur,68.8189,57.9192,0
2018,trinkwasser,infrastruktur,69.3904,58.1206,0
2019,trinkwasser,infrastruktur,69.9460,58.3146,0
2020,trinkwasser,infrastruktur,70.4785,58.4988,0
2021,trinkwasser,infrastruktur,70.9953,58.6761,0
2022,trinkwasser,infrastruktur,71.5080,58.8504,0
2023,trinkwasser,infrastruktur,71.9907,59.0133,0
2005,sanitaer,infrastruktur,35.1225,41.2611,0
2006,sanitaer,infrastruktur,36.3082,42.0681,0
2007,sanitaer,infrastruktur,37.5762,42.9069,0
2008,sanitaer,infrastruktur,38.8632,43.7338,0
2009,sanitaer,infrastruktur,40.1596,44.5428,0
2010,sanitaer,infrastruktur,41.4802,45.3434,0
2011,sanitaer,infrastruktur,42.7736,46.1053,0
2012,sanitaer,infrastruktur,44.1283,46.8810,0
2013,sanitaer,infrastruktur,45.5300,47.6604,0
2014,sanitaer,infrastruktur,46.9428,48.4232,0
2015,sanitaer,infrastruktur,48.3909,49.1823,0
2016,sanitaer,infrastruktur,49.8540,49.9269,0
2017,sanitaer,infrastruktur,51.3239,50.6533,0
2018,sanitaer,infrastruktur,52.7837,51.3542,0
2019,sanitaer,infrastruktur,54.2444,52.0358,0
2020,sanitaer,infrastruktur,55.1862,52.4652,0
2021,sanitaer,infrastruktur,56.1071,52.8778,0
2022,sanitaer,infrastruktur,57.0319,53.2849,0
2023,sanitaer,infrastruktur,57.8004,53.6180,0
2005,strom,infrastruktur,80.7046,61.7458,0
2006,strom,infrastruktur,81.3567,61.9357,0
2007,strom,infrastruktur,81.9746,62.1139,0
2008,strom,infrastruktur,82.6714,62.3129,0
2009,strom,infrastruktur,82.8688,62.3689,0
2010,strom,infrastruktur,83.4502,62.5328,0
2011,strom,infrastruktur,84.5089,62.8277,0
2012,strom,infrastruktur,84.9392,62.9463,0
2013,strom,infrastruktur,85.7137,63.1577,0
2014,strom,infrastruktur,86.1985,63.2889,0
2015,strom,infrastruktur,86.9274,63.4843,0
2016,strom,infrastruktur,88.1081,63.7965,0
2017,strom,infrastruktur,88.9357,64.0121,0
2018,strom,infrastruktur,89.8012,64.2349,0
2019,strom,infrastruktur,90.1090,64.3135,0
2020,strom,infrastruktur,90.3995,64.3873,0
2021,strom,infrastruktur,91.3385,64.6239,0
2022,strom,infrastruktur,91.2818,64.6097,0
2023,strom,infrastruktur,91.6035,64.6901,0
2005,kochenergie,infrastruktur,52.4551,51.1981,0
2006,kochenergie,infrastruktur,53.2238,51.5616,0
2007,kochenergie,infrastruktur,54.1761,52.0043,0
2008,kochenergie,infrastruktur,55.0860,52.4199,0
2009,kochenergie,infrastruktur,56.1094,52.8788,0
2010,kochenergie,infrastruktur,57.1762,53.3479,0
2011,kochenergie,infrastruktur,58.3163,53.8389,0
2012,kochenergie,infrastruktur,59.6246,54.3898,0
2013,kochenergie,infrastruktur,61.0665,54.9819,0
2014,kochenergie,infrastruktur,62.4432,55.5331,0
2015,kochenergie,infrastruktur,63.9495,56.1209,0
2016,kochenergie,infrastruktur,65.4028,56.6735,0
2017,kochenergie,infrastruktur,66.8675,57.2165,0
2018,kochenergie,infrastruktur,68.3300,57.7453,0
2019,kochenergie,infrastruktur,69.6959,58.2275,0
2020,kochenergie,infrastruktur,71.0667,58.7005,0
2021,kochenergie,infrastruktur,72.2837,59.1115,0
2022,kochenergie,infrastruktur,73.3665,59.4704,0
2023,kochenergie,infrastruktur,74.4315,59.8172,0
2005,internet,infrastruktur,15.6000,23.7805,0
2006,internet,infrastruktur,17.2000,25.5952,0
2007,internet,infrastruktur,20.2000,28.7749,0
2008,internet,infrastruktur,22.8000,31.3187,0
2009,internet,infrastruktur,25.3000,33.5989,0
2010,internet,infrastruktur,28.4000,36.2245,0
2011,internet,infrastruktur,30.9000,38.1953,0
2012,internet,infrastruktur,33.3000,39.9760,0
2013,internet,infrastruktur,35.3000,41.3834,0
2014,internet,infrastruktur,37.4000,42.7918,0
2015,internet,infrastruktur,39.9000,44.3826,0
2016,internet,infrastruktur,43.6000,46.5812,0
2017,internet,infrastruktur,46.3000,48.0789,0
2018,internet,infrastruktur,49.4000,49.6982,0
2019,internet,infrastruktur,53.9000,51.8768,0
2020,internet,infrastruktur,60.1000,54.5867,0
2021,internet,infrastruktur,63.8000,56.0633,0
2022,internet,infrastruktur,67.0000,57.2650,0
2023,internet,infrastruktur,69.2000,58.0537,0
2005,toetungen,sicherheit,6.2940,57.8166,0
2006,toetungen,sicherheit,6.1782,58.0217,0
2007,toetungen,sicherheit,6.0124,58.3118,0
2008,toetungen,sicherheit,6.0101,58.3158,0
2009,toetungen,sicherheit,6.0668,58.2170,0
2010,toetungen,sicherheit,6.1000,58.1590,0
2011,toetungen,sicherheit,6.2000,57.9832,0
2012,toetungen,sicherheit,6.2000,57.9832,0
2013,toetungen,sicherheit,6.1000,58.1590,0
2014,toetungen,sicherheit,6.1000,58.1590,0
2015,toetungen,sicherheit,5.9000,58.5062,0
2016,toetungen,sicherheit,6.0000,58.3333,0
2017,toetungen,sicherheit,5.9000,58.5062,0
2018,toetungen,sicherheit,5.7000,58.8477,0
2019,toetungen,sicherheit,5.4000,59.3496,0
2020,toetungen,sicherheit,5.3000,59.5142,0
2021,toetungen,sicherheit,5.5000,59.1837,0
2022,toetungen,sicherheit,5.3000,59.5142,0
2023,toetungen,sicherheit,5.2000,59.6774,0
2005,militaer,sicherheit,2.3892,60.3515,0
2006,militaer,sicherheit,2.3485,60.4789,0
2007,militaer,sicherheit,2.3097,60.5998,0
2008,militaer,sicherheit,2.3711,60.4081,0
2009,militaer,sicherheit,2.6012,59.6734,0
2010,militaer,sicherheit,2.5030,59.9903,0
2011,militaer,sicherheit,2.3954,60.3318,0
2012,militaer,sicherheit,2.3591,60.4460,0
2013,militaer,sicherheit,2.2918,60.6552,0
2014,militaer,sicherheit,2.2423,60.8079,0
2015,militaer,sicherheit,2.2400,60.8151,0
2016,militaer,sicherheit,2.1944,60.9545,0
2017,militaer,sicherheit,2.1468,61.0991,0
2018,militaer,sicherheit,2.1201,61.1799,0
2019,militaer,sicherheit,2.1652,61.0434,0
2020,militaer,sicherheit,2.3141,60.5861,0
2021,militaer,sicherheit,2.1677,61.0357,0
2022,militaer,sicherheit,2.2171,60.8853,0
2023,militaer,sicherheit,2.3103,60.5978,0
2005,demokratie,freiheit,0.5163,50.8011,0
2006,demokratie,freiheit,0.5197,50.9646,0
2007,demokratie,freiheit,0.5161,50.7942,0
2008,demokratie,freiheit,0.5198,50.9707,0
2009,demokratie,freiheit,0.5220,51.0761,0
2010,demokratie,freiheit,0.5233,51.1376,0
2011,demokratie,freiheit,0.5267,51.3013,0
2012,demokratie,freiheit,0.5280,51.3619,0
2013,demokratie,freiheit,0.5237,51.1596,0
2014,demokratie,freiheit,0.5239,51.1673,0
2015,demokratie,freiheit,0.5224,51.0964,0
2016,demokratie,freiheit,0.5212,51.0394,0
2017,demokratie,freiheit,0.5188,50.9242,0
2018,demokratie,freiheit,0.5190,50.9309,0
2019,demokratie,freiheit,0.5176,50.8633,0
2020,demokratie,freiheit,0.5112,50.5541,0
2021,demokratie,freiheit,0.5026,50.1293,0
2022,demokratie,freiheit,0.4956,49.7789,0
2023,demokratie,freiheit,0.4930,49.6484,0
2005,menschenrechte,freiheit,0.6930,58.0879,0
2006,menschenrechte,freiheit,0.6929,58.0845,0
2007,menschenrechte,freiheit,0.6912,58.0244,0
2008,menschenrechte,freiheit,0.6922,58.0602,0
2009,menschenrechte,freiheit,0.6923,58.0659,0
2010,menschenrechte,freiheit,0.6982,58.2698,0
2011,menschenrechte,freiheit,0.6999,58.3289,0
2012,menschenrechte,freiheit,0.7006,58.3543,0
2013,menschenrechte,freiheit,0.6952,58.1653,0
2014,menschenrechte,freiheit,0.6916,58.0393,0
2015,menschenrechte,freiheit,0.6903,57.9954,0
2016,menschenrechte,freiheit,0.6848,57.7991,0
2017,menschenrechte,freiheit,0.6833,57.7469,0
2018,menschenrechte,freiheit,0.6834,57.7489,0
2019,menschenrechte,freiheit,0.6832,57.7418,0
2020,menschenrechte,freiheit,0.6735,57.3919,0
2021,menschenrechte,freiheit,0.6660,57.1184,0
2022,menschenrechte,freiheit,0.6638,57.0389,0
2023,menschenrechte,freiheit,0.6616,56.9573,0
2005,frauen_parlament,freiheit,16.4745,39.7221,0
2006,frauen_parlament,freiheit,16.9697,40.4332,0
2007,frauen_parlament,freiheit,17.8692,41.6831,0
2008,frauen_parlament,freiheit,18.4428,42.4530,0
2009,frauen_parlament,freiheit,19.0251,43.2142,0
2010,frauen_parlament,freiheit,19.1570,43.3839,0
2011,frauen_parlament,freiheit,19.8278,44.2310,0
2012,frauen_parlament,freiheit,20.7552,45.3614,0
2013,frauen_parlament,freiheit,21.7774,46.5554,0
2014,frauen_parlament,freiheit,22.1883,47.0208,0
2015,frauen_parlament,freiheit,22.8493,47.7526,0
2016,frauen_parlament,freiheit,23.0914,48.0156,0
2017,frauen_parlament,freiheit,23.5903,48.5494,0
2018,frauen_parlament,freiheit,24.0979,49.0813,0
2019,frauen_parlament,freiheit,24.6366,49.6339,0
2020,frauen_parlament,freiheit,25.5804,50.5738,0
2021,frauen_parlament,freiheit,26.1285,51.1036,0
2022,frauen_parlament,freiheit,26.4676,51.4258,0
2023,frauen_parlament,freiheit,26.7357,51.6775,0
2005,alphabetisierung,wissen,82.5700,62.2841,0
2006,alphabetisierung,wissen,82.5300,62.2727,0
2007,alphabetisierung,wissen,83.1200,62.4399,0
2008,alphabetisierung,wissen,83.4800,62.5412,0
2009,alphabetisierung,wissen,83.8000,62.6308,0
2010,alphabetisierung,wissen,84.3700,62.7893,0
2011,alphabetisierung,wissen,84.7100,62.8832,0
2012,alphabetisierung,wissen,84.9100,62.9383,0
2013,alphabetisierung,wissen,85.2100,63.0205,0
2014,alphabetisierung,wissen,85.5600,63.1160,0
2015,alphabetisierung,wissen,85.9600,63.2245,0
2016,alphabetisierung,wissen,86.2800,63.3108,0
2017,alphabetisierung,wissen,86.4700,63.3619,0
2018,alphabetisierung,wissen,86.7600,63.4396,0
2019,alphabetisierung,wissen,86.7900,63.4476,0
2020,alphabetisierung,wissen,86.9800,63.4983,0
2021,alphabetisierung,wissen,87.1700,63.5489,0
2022,alphabetisierung,wissen,87.3900,63.6072,0
2023,alphabetisierung,wissen,87.5800,63.6575,0
2005,grundschulabschluss,wissen,85.0202,62.9685,0
2006,grundschulabschluss,wissen,85.3206,63.0507,0
2007,grundschulabschluss,wissen,86.4950,63.3686,0
2008,grundschulabschluss,wissen,88.2013,63.8209,0
2009,grundschulabschluss,wissen,89.0043,64.0299,0
2010,grundschulabschluss,wissen,88.5196,63.9040,0
2011,grundschulabschluss,wissen,87.7716,63.7081,0
2012,grundschulabschluss,wissen,88.0860,63.7907,0
2013,grundschulabschluss,wissen,88.3092,63.8491,0
2014,grundschulabschluss,wissen,88.1252,63.8010,0
2015,grundschulabschluss,wissen,87.8673,63.7332,0
2016,grundschulabschluss,wissen,88.4610,63.8887,0
2017,grundschulabschluss,wissen,88.2010,63.8208,0
2018,grundschulabschluss,wissen,88.0505,63.7814,0
2019,grundschulabschluss,wissen,87.8868,63.7384,0
2020,grundschulabschluss,wissen,88.0408,63.7788,0
2021,grundschulabschluss,wissen,88.6989,63.9507,0
2022,grundschulabschluss,wissen,91.0532,64.5524,0
2023,grundschulabschluss,wissen,87.3171,63.5879,0
2005,hochschule,wissen,24.3296,32.7320,0
2006,hochschule,wissen,25.7016,33.9512,0
2007,hochschule,wissen,26.3034,34.4721,0
2008,hochschule,wissen,27.3510,35.3596,0
2009,hochschule,wissen,28.2911,36.1358,0
2010,hochschule,wissen,29.5785,37.1689,0
2011,hochschule,wissen,31.1437,38.3809,0
2012,hochschule,wissen,32.3114,39.2551,0
2013,hochschule,wissen,33.0916,39.8254,0
2014,hochschule,wissen,35.5646,41.5646,0
2015,hochschule,wissen,36.6131,42.2720,0
2016,hochschule,wissen,37.1432,42.6232,0
2017,hochschule,wissen,37.4994,42.8568,0
2018,hochschule,wissen,37.8525,43.0864,0
2019,hochschule,wissen,38.6689,43.6104,0
2020,hochschule,wissen,39.7074,44.2632,0
2021,hochschule,wissen,41.0742,45.0997,0
2022,hochschule,wissen,42.0466,45.6797,0
2023,hochschule,wissen,43.1979,46.3507,0
2005,co2_absolut,oekologie,30015.9381,36.3329,0
2006,co2_absolut,oekologie,31037.6186,34.2978,0
2007,co2_absolut,oekologie,32207.3650,31.8019,0
2008,co2_absolut,oekologie,32414.3605,31.3403,0
2009,co2_absolut,oekologie,31966.5998,32.3310,0
2010,co2_absolut,oekologie,33969.4743,27.6624,0
2011,co2_absolut,oekologie,35036.7409,24.9015,0
2012,co2_absolut,oekologie,35489.6763,23.6650,0
2013,co2_absolut,oekologie,36177.3285,21.7080,0
2014,co2_absolut,oekologie,36396.9527,21.0617,0
2015,co2_absolut,oekologie,36292.5234,21.3703,0
2016,co2_absolut,oekologie,36390.7853,21.0800,0
2017,co2_absolut,oekologie,37020.0282,19.1685,0
2018,co2_absolut,oekologie,37905.9615,16.3148,0
2019,co2_absolut,oekologie,38008.4891,15.9715,0
2020,co2_absolut,oekologie,36209.8616,21.6129,0
2021,co2_absolut,oekologie,38219.9968,15.2542,0
2022,co2_absolut,oekologie,38548.1189,14.1170,0
2023,co2_absolut,oekologie,39112.6888,12.0872,0
2005,co2_pro_kopf,oekologie,4.3885,34.9458,0
2006,co2_pro_kopf,oekologie,4.4780,33.6574,0
2007,co2_pro_kopf,oekologie,4.5883,31.9987,0
2008,co2_pro_kopf,oekologie,4.5616,32.4081,0
2009,co2_pro_kopf,oekologie,4.4501,34.0645,0
2010,co2_pro_kopf,oekologie,4.6713,30.6948,0
2011,co2_pro_kopf,oekologie,4.7626,29.2017,0
2012,co2_pro_kopf,oekologie,4.7742,29.0082,0
2013,co2_pro_kopf,oekologie,4.8094,28.4119,0
2014,co2_pro_kopf,oekologie,4.7773,28.9562,0
2015,co2_pro_kopf,oekologie,4.6983,30.2595,0
2016,co2_pro_kopf,oekologie,4.6500,31.0343,0
2017,co2_pro_kopf,oekologie,4.6722,30.6802,0
2018,co2_pro_kopf,oekologie,4.7349,29.6609,0
2019,co2_pro_kopf,oekologie,4.7012,30.2130,0
2020,co2_pro_kopf,oekologie,4.4745,33.7088,0
2021,co2_pro_kopf,oekologie,4.6848,30.4789,0
2022,co2_pro_kopf,oekologie,4.6679,30.7495,0
2023,co2_pro_kopf,oekologie,4.6776,30.5941,0
2005,wald,oekologie,32.1391,56.2471,0
2006,wald,oekologie,32.1007,56.2177,0
2007,wald,oekologie,32.0616,56.1877,0
2008,wald,oekologie,32.0264,56.1607,0
2009,wald,oekologie,31.9876,56.1308,0
2010,wald,oekologie,31.9478,56.1001,0
2011,wald,oekologie,31.9137,56.0738,0
2012,wald,oekologie,31.4733,55.7313,0
2013,wald,oekologie,31.4392,55.7045,0
2014,wald,oekologie,31.4052,55.6779,0
2015,wald,oekologie,31.3693,55.6496,0
2016,wald,oekologie,31.3412,55.6275,0
2017,wald,oekologie,31.2899,55.5870,0
2018,wald,oekologie,31.2520,55.5571,0
2019,wald,oekologie,31.2123,55.5257,0
2020,wald,oekologie,31.1716,55.4935,0
2021,wald,oekologie,31.1717,55.4936,0
2022,wald,oekologie,31.1339,55.4637,0
2023,wald,oekologie,31.0952,55.4329,0
